Name,Frequency
GM,56.87651809
Central Standard Time,35.53469441
Central Daylight Time,25.74016937
Wisconsin,18.7815926
GMT,18.66342808
WI,7.109564761
Co,6.774765312
Sun,6.269283792
M,5.389614652
W,4.326134051
C,4.096369724
Y Y,3.472723692
Case,2.789995405
T,2.297643274
P,2.067878947
Sa,1.85124401
R,1.772467669
